2633, 1

274, 0

225, 1

189, 0

308, 1

209, 0

334, 1

115, 0

676, 1

339, 0

158, 1

1266, 0

201, 1

583, 0

535, 1

118, 0

117, 1

2122, 0

110, 1

812, 0

606, 1

515, 0

310, 1

3201, 0

366, 1

355, 0

3352, 1

172, 0

206, 1

145, 0

139, 1

229, 0

225, 1

575, 0

156, 1

2724, 0

379, 1

3005, 0

625, 1

471, 0

383, 1

3173, 0

349, 1

389, 0

2815, 1

179, 0

624, 1

567, 0

418, 1

352, 0

106, 1

411, 0

207, 1

1425, 0

148, 1

191, 0

239, 1

284, 0

575, 1

1925, 0

66, 1

774, 0

626, 1

473, 0

348, 1

3199, 0

366, 1

375, 0

2492, 1

399, 0

146, 1

1237, 0

240, 1

1198, 0

140, 1

517, 0

402, 1

4502, 0

638, 1

515, 0

88, 1

164, 0

184, 1

3069, 0

349, 1

382, 0

2594, 1

271, 0

559, 1

4315, 0

439, 1

3143, 0

602, 1

533, 0

347, 1

1161, 0

130, 1

1848, 0

336, 1

414, 0

1826, 1

157, 0

715, 1

171, 0

660, 1

1415, 0

587, 1

970, 0

171, 1

354, 0

98, 1

478, 0

115, 1

177, 0

160, 1

3245, 0

660, 1

461, 0

324, 1

3175, 0

394, 1

373, 0

2625, 1

280, 0

124, 1

691, 0

123, 1

1261, 0

79, 1

1716, 0

104, 1

356, 0

670, 1

195, 0

81, 1

2993, 0

605, 1

526, 0

103, 1

150, 0

160, 1

3082, 0

341, 1

398, 0

2563, 1

316, 0

463, 1

227, 0

108, 1

356, 0

118, 1

1514, 0

93, 1

1840, 0

120, 1

180, 0

142, 1

1908, 0

75, 1

1294, 0

625, 1

538, 0

129, 1

107, 0

49, 1

3183, 0

345, 1

401, 0

1906, 1

350, 0

368, 1

550, 0

214, 1

579, 0

666, 1

587, 0

100, 1

711, 0

392, 1

908, 0

314, 1

201, 0

493, 1

1506, 0

108, 1

1329, 0

629, 1

555, 0

102, 1

3367, 0

353, 1

386, 0

2550, 1

311, 0

183, 1

171, 0

253, 1

1019, 0

222, 1

71, 0

153, 1

2214, 0

328, 1

242, 0

282, 1

3301, 0

614, 1

554, 0

115, 1

107, 0

106, 1

3144, 0

362, 1

379, 0

2233, 1

76, 0

1086, 1

99, 0

83, 1

319, 0

308, 1

2185, 0

139, 1

1207, 0

93, 1

62, 0

383, 1

3034, 0

659, 1

474, 0

123, 1

611, 0

62, 1

575, 0

276, 1

1855, 0

348, 1

395, 0

1934, 1

183, 0

429, 1

4869, 0

384, 1

58, 0

243, 1

3199, 0

632, 1

518, 0

138, 1

1302, 0

63, 1

1988, 0

358, 1

385, 0

2611, 1

374, 0

471, 1

2165, 0

353, 1

157, 0

848, 1

219, 0

153, 1

3495, 0

87, 1

353, 0

640, 1

497, 0

274, 1

3238, 0

333, 1

395, 0

2640, 1

275, 0

323, 1

266, 0

101, 1

597, 0

111, 1

3587, 0

146, 1

3245, 0

689, 1

485, 0

345, 1

595, 0

57, 1

2489, 0

353, 1

401, 0

2204, 1

48, 0

288, 1

204, 0

370, 1

328, 0

167, 1

455, 0

124, 1

226, 0

111, 1

1514, 0

307, 1

69, 0

103, 1

1148, 0

421, 1

3151, 0

690, 1

483, 0

140, 1

603, 0

195, 1

565, 0

219, 1

1789, 0

369, 1

387, 0

2585, 1

177, 0

312, 1

1502, 0

89, 1

504, 0

129, 1

1009, 0

506, 1

1276, 0

151, 1

2126, 0

98, 1

250, 0

109, 1

482, 0

584, 1

520, 0

147, 1

167, 0

113, 1

3090, 0

417, 1

316, 0

1919, 1

98, 0

621, 1

91, 0

491, 1

1226, 0

156, 1

6724, 0

880, 1

235, 0

144, 1

141, 0

78, 1

3157, 0

311, 1

427, 0

1811, 1

98, 0

628, 1

240, 0

748, 1

377, 0

295, 1

139, 0

90, 1

398, 0

274, 1

411, 0

84, 1

697, 0

244, 1

465, 0

162, 1

283, 0

76, 1

577, 0

284, 1

2928, 0

604, 1

478, 0

141, 1

2789, 0

186, 1

430, 0

346, 1

394, 0

2559, 1

351, 0

221, 1

845, 0

255, 1

2245, 0

343, 1

355, 0

234, 1

626, 0

146, 1

3125, 0

649, 1

490, 0

106, 1

114, 0

128, 1

3131, 0

395, 1

347, 0

3639, 1

2840, 0

571, 1

945, 0

101, 1

3200, 0

682, 1

482, 0

128, 1

147, 0

98, 1

3117, 0

376, 1

356, 0

3435, 1

306, 0

87, 1

272, 0

200, 1

102, 0

149, 1

372, 0

115, 1

986, 0

473, 1

346, 0

133, 1

757, 0

150, 1

123, 0

129, 1

3180, 0

784, 1

369, 0

100, 1

158, 0

77, 1

3145, 0

387, 1

341, 0

2611, 1

348, 0

220, 1

184, 0

102, 1

975, 0

327, 1

246, 0

199, 1

1409, 0

189, 1

1158, 0

273, 1

3088, 0

570, 1

521, 0

383, 1

3140, 0

381, 1

361, 0

2608, 1

117, 0

397, 1

1113, 0

466, 1

194, 0

152, 1

2962, 0

165, 1

3154, 0

621, 1

504, 0

116, 1

72, 0

150, 1

3142, 0

369, 1

385, 0

1951, 1

131, 0

426, 1

279, 0

440, 1

1101, 0

111, 1

593, 0

59, 1

956, 0

176, 1

1384, 0

433, 1

3061, 0

91, 1

112, 0

245, 1

43, 0

306, 1

507, 0

163, 1

121, 0

102, 1

3150, 0

362, 1

384, 0

1944, 1

75, 0

555, 1

439, 0

117, 1

136, 0

164, 1

555, 0

213, 1

1357, 0

159, 1

447, 0

273, 1

56, 0

242, 1

372, 0

261, 1

1863, 0

154, 1

1923, 0

617, 1

519, 0

136, 1

3369, 0

446, 1

271, 0

2582, 1

195, 0

355, 1

108, 0

167, 1

612, 0

121, 1

184, 0

591, 1

2497, 0

131, 1

443, 0

82, 1

3243, 0

628, 1

498, 0

347, 1

2136, 0

158, 1

884, 0

355, 1

376, 0

3231, 1

107, 0

64, 1

639, 0

125, 1

76, 0

155, 1

356, 0

282, 1

1910, 0

134, 1

187, 0

95, 1

811, 0

123, 1

3023, 0

103, 1

80, 0

442, 1

712, 0

121, 1

3156, 0

361, 1

388, 0

1952, 1

207, 0

398, 1

398, 0

111, 1

114, 0

296, 1

598, 0

263, 1

64, 0

276, 1

1781, 0

141, 1

947, 0

127, 1

203, 0

204, 1

3215, 0

635, 1

524, 0

117, 1

3367, 0

363, 1

370, 0

3523, 1

384, 0

383, 1

95, 0

112, 1

384, 0

128, 1

239, 0

200, 1

1603, 0

206, 1

3969, 0

641, 1

469, 0

533, 1

2993, 0

363, 1

377, 0

3531, 1

566, 0

251, 1

1562, 0

397, 1

525, 0

141, 1

666, 0

215, 1

3454, 0

637, 1

528, 0

117, 1

117, 0

130, 1

3092, 0

405, 1

338, 0

2527, 1

307, 0

802, 1

830, 0

147, 1

355, 0

153, 1

81, 0

177, 1

1238, 0

170, 1

361, 0

190, 1

575, 0

164, 1

142, 0

116, 1

2949, 0

614, 1

551, 0

121, 1

3374, 0

371, 1

362, 0

1843, 1

35, 0

915, 1

112, 0

484, 1

99, 0

195, 1

101, 0

214, 1

327, 0

635, 1

680, 0

279, 1

594, 0

85, 1

922, 0

276, 1

97, 0

118, 1

1368, 0

100, 1

812, 0

106, 1

898, 0

627, 1

505, 0

271, 1

537, 0

117, 1

435, 0

191, 1

1979, 0

351, 1

390, 0

3160, 1

720, 0

407, 1

404, 0

108, 1

1659, 0

513, 1

149, 0

116, 1

548, 0

480, 1

3021, 0

833, 1

314, 0

141, 1

90, 0

171, 1

3072, 0

362, 1

406, 0

1846, 1

207, 0

472, 1

437, 0

392, 1

476, 0

182, 1

2864, 0

134, 1

1133, 0

189, 1

2963, 0

645, 1

491, 0

128, 1

3377, 0

342, 1

401, 0

2639, 1

242, 0

735, 1

881, 0

133, 1

1618, 0

198, 1

1398, 0

108, 1

3365, 0

600, 1

524, 0

352, 1

1074, 0

97, 1

1979, 0

355, 1

380, 0

1922, 1

78, 0

1240, 1

435, 0

245, 1

203, 0

217, 1

147, 0

261, 1

208, 0

278, 1

305, 0

248, 1

621, 0

162, 1

344, 0

98, 1

930, 0

125, 1

3247, 0

578, 1

548, 0

104, 1

3397, 0

352, 1

381, 0

2850, 1

200, 0

356, 1

143, 0

70, 1

575, 0

141, 1

575, 0

145, 1

79, 0

353, 1

939, 0

171, 1

244, 0

151, 1

887, 0

270, 1

3148, 0

597, 1

527, 0

149, 1

3399, 0

363, 1

369, 0

1939, 1

43, 0

541, 1

317, 0

228, 1

313, 0

196, 1

727, 0

476, 1

264, 0

134, 1

6097, 0

609, 1

537, 0

219, 1

43, 0

194, 1

3063, 0

338, 1

387, 0

2583, 1

285, 0

429, 1

809, 0

188, 1

158, 0

243, 1

202, 0

126, 1

776, 0

90, 1

969, 0

162, 1

737, 0

406, 1

3151, 0

622, 1

498, 0

153, 1

3355, 0

325, 1

404, 0

2145, 1

114, 0

290, 1

578, 0

301, 1

662, 0

320, 1

808, 0

198, 1

861, 0

142, 1

4912, 0

616, 1

499, 0

126, 1

3385, 0

393, 1

348, 0

1867, 1

124, 0

622, 1

255, 0

391, 1

871, 0

197, 1

271, 0

228, 1

1607, 0

305, 1

1056, 0

381, 1

3117, 0

594, 1

564, 0

109, 1

126, 0

93, 1

3168, 0

322, 1

406, 0

2540, 1

136, 0

146, 1

54, 0

182, 1

1244, 0

197, 1

173, 0

252, 1

1309, 0

234, 1

1351, 0

127, 1

3370, 0

757, 1

338, 0

174, 1

108, 0

217, 1

3024, 0

375, 1

361, 0

2496, 1

1835, 0

85, 1

576, 0

386, 1

1237, 0

135, 1

1019, 0

448, 1

647, 0

63, 1

84, 0

102, 1

2182, 0

654, 1

495, 0

101, 1

3406, 0

345, 1

384, 0

1801, 1

196, 0

1158, 1

337, 0

152, 1

498, 0

321, 1

1858, 0

213, 1

1419, 0

322, 1

1422, 0

79, 1

1531, 0

587, 1

566, 0

122, 1

3382, 0

349, 1

380, 0

1946, 1

112, 0

173, 1

55, 0

400, 1

271, 0

206, 1

659, 0

1321, 1

455, 0

509, 1

355, 0

181, 1

312, 0

167, 1

242, 0

123, 1

210, 0

144, 1

93, 0

192, 1

3174, 0

833, 1

309, 0

107, 1

121, 0

121, 1

3169, 0

311, 1

395, 0

2656, 1

243, 0

320, 1

843, 0

342, 1

1291, 0

79, 1

285, 0

98, 1

717, 0

293, 1

590, 0

242, 1

1637, 0

109, 1

87, 0

184, 1

1304, 0

597, 1

539, 0

117, 1

3395, 0

362, 1

370, 0

2526, 1

138, 1

286, 1

391, 0

138, 1

200, 0

459, 1

83, 0

154, 1

1470, 0

335, 1

193, 0

98, 1

1069, 0

469, 1

3079, 0

621, 1

507, 0

136, 1

2840, 0

106, 1

418, 0

378, 1

367, 0

3728, 1

639, 0

132, 1

492, 0

111, 1

1501, 0

76, 1

4620, 0

635, 1

487, 0

155, 1

123, 0

91, 1

3144, 0

359, 1

370, 0

2515, 1

284, 0

411, 1

825, 0

368, 1

93, 0

194, 1

143, 0

532, 1

919, 0

153, 1

404, 0

395, 1

96, 0

160, 1

185, 0

698, 1

2923, 0

618, 1

4036, 0

359, 1

354, 0

2580, 1

101, 0

53, 1

229, 0

177, 1

238, 0

214, 1

458, 0

173, 1

213, 0

87, 1

1933, 0

136, 1

847, 0

164, 1

3707, 0

605, 1

554, 0

312, 1

3200, 0

338, 1

383, 0

2717, 1

179, 0

201, 1

424, 0

206, 1

760, 0

284, 1

219, 0

52, 1

1519, 0

127, 1

77, 0

264, 1

4271, 0

610, 1

520, 0

388, 1

3113, 0

367, 1

378, 0

2760, 1

142, 0

337, 1

450, 0

234, 1

125, 0

228, 1

759, 0

365, 1

357, 0

82, 1

112, 0

70, 1

108, 0

300, 1

1011, 0

194, 1

228, 0

474, 1

2806, 0

64, 1

93, 0

722, 1

666, 0

89, 1

3169, 0

335, 1

412, 0

2650, 1

97, 0

123, 1

87, 0

425, 1

97, 0

242, 1

314, 0

372, 1

675, 0

126, 1

1214, 0

128, 1

4730, 0

742, 1

388, 0

178, 1

3357, 0

342, 1

400, 0

1795, 1

309, 0

568, 1

201, 0

192, 1

237, 0

119, 1

1344, 0

156, 1

479, 0

105, 1

94, 0

300, 1

729, 0

267, 1

994, 0

150, 1

635, 1

635, 1

523, 0

105, 1

3370, 0

373, 1

370, 0

1944, 1

56, 0

608, 1

301, 0

234, 1

1115, 0

66, 1

568, 0

123, 1

245, 0

52, 1

1657, 0

234, 1

500, 0

416, 1

3172, 0

844, 1

326, 0

113, 1

3361, 0

362, 1

377, 0

2641, 1

109, 0

513, 1

67, 0

310, 1

137, 0

267, 1

1414, 0

250, 1

450, 0

179, 1

1649, 0

109, 1

1387, 0

97, 1

1739, 0

659, 1

454, 0

181, 1

286, 0

167, 1

869, 0

126, 1

1887, 0

347, 1

397, 0

1935, 1

54, 0

583, 1

191, 0

254, 1

888, 0

627, 1

630, 0

96, 1

352, 0

105, 1

855, 0

392, 1

395, 0

218, 1

188, 0

196, 1

3342, 0

606, 1

500, 0

367, 1

3149, 0

400, 1

342, 0

2551, 1

332, 0

235, 1

1001, 0

226, 1

425, 0

283, 1

163, 0

116, 1

1133, 0

160, 1

1346, 0

292, 1

3057, 0

594, 1

536, 0

140, 1

3360, 0

361, 1

381, 0

3216, 1

601, 0

488, 1

1784, 0

57, 1

1622, 0

295, 1

3229, 0

618, 1

501, 0

165, 1

1403, 0

174, 1

1797, 0

364, 1

369, 0

1948, 1

83, 0

1046, 1

84, 0

94, 1

92, 0

176, 1

314, 0

118, 1

307, 0

108, 1

884, 0

86, 1

742, 0

297, 1

186, 0

104, 1

717, 0

99, 1

212, 0

229, 1

307, 0

191, 1

2853, 0

633, 1

525, 0

121, 1

3381, 0

342, 1

396, 0

2642, 1

221, 0

239, 1

634, 0

203, 1

197, 0

157, 1

153, 0

202, 1

1402, 0

188, 1

1626, 0

140, 1

1059, 0

108, 1

2132, 0

622, 1

503, 0

128, 1

3377, 0

351, 1

383, 0

3539, 1

60, 0

254, 1

104, 0

193, 1

134, 0

198, 1

733, 0

112, 1

838, 0

143, 1

1598, 0

130, 1

3273, 0

633, 1

524, 0

108, 1

3391, 0

328, 1

421, 0

3320, 1

674, 0

771, 1

956, 0

129, 1

303, 0

483, 1

1083, 0

361, 1

3196, 0

605, 1

524, 0

386, 1

3120, 0

403, 1

348, 0

2534, 1

199, 0

469, 1

218, 0

160, 1

867, 0

244, 1

142, 0

65, 1

2893, 0

384, 1

2292, 0

154, 1

719, 0

603, 1

502, 0

137, 1

107, 0

77, 1

3170, 0

376, 1

371, 0

3154, 1

268, 0

92, 1

175, 0

134, 1

305, 0

190, 1

101, 0

156, 1

438, 0

176, 1

1938, 0

201, 1

557, 0

134, 1

3273, 0

636, 1

454, 0

185, 1

96, 0

119, 1

3169, 0

358, 1

371, 0

1812, 1

168, 0

1493, 1

444, 0

450, 1

94, 0

278, 1

1727, 0

376, 1

690, 0

318, 1

3451, 0

599, 1

548, 0

113, 1

103, 0

119, 1

3160, 0

342, 1

387, 0

2684, 1

272, 0

179, 1

1204, 0

331, 1

1815, 0

170, 1

1220, 0

300, 1

3134, 0

592, 1

539, 0

124, 1

3372, 0

347, 1

396, 0

2838, 1

63, 0

654, 1

380, 0

314, 1

739, 0

281, 1

1867, 0

443, 1

93, 0

510, 1

1558, 0

453, 1

913, 0

856, 1

479, 0

128, 1

3393, 0

324, 1

424, 0

2681, 1

653, 0

167, 1

907, 0

217, 1

990, 0

116, 1

351, 0

182, 1

381, 0

176, 1

317, 0

59, 1

754, 0

165, 1

3180, 0

577, 1

535, 0

130, 1

152, 0

88, 1

1791, 0

113, 1

1248, 0

346, 1

376, 0

2715, 1

237, 0

157, 1

436, 0

168, 1

236, 0

110, 1

459, 0

344, 1

3109, 0

350, 1

3005, 0

576, 1

556, 0

274, 1

3206, 0

383, 1

373, 0

2707, 1

189, 0

531, 1

2623, 0

104, 1

1574, 0

157, 1

119, 0

97, 1

3204, 0

713, 1

3920, 0

358, 1

378, 0

2587, 1

130, 0

406, 1

885, 0

398, 1

1085, 0

845, 1

545, 0

125, 1

1148, 0

194, 1

2962, 0

577, 1

517, 0

172, 1

103, 0

87, 1

3169, 0

365, 1

386, 0

3098, 1

51, 0

105, 1

1115, 0

129, 1

209, 0

111, 1

910, 0

380, 1

140, 0

306, 1

379, 0

162, 1

4202, 0

650, 1

439, 0

204, 1

3338, 0

358, 1

400, 0

3090, 1

146, 0

261, 1

576, 0

196, 1

327, 0

179, 1

538, 0

61, 1

942, 0

143, 1

1421, 0

197, 1

3199, 0

674, 1

476, 0

148, 1

3367, 0

347, 1

387, 0

1128, 1

71, 0

1502, 1

80, 0

384, 1

86, 0

457, 1

250, 0

250, 1

86, 0

140, 1

83, 0

308, 1

519, 0

190, 1

485, 0

287, 1

60, 0

318, 1

209, 0

726, 1

301, 0

164, 1

3232, 0

586, 1

521, 0

307, 1

3190, 0

364, 1

390, 0

1954, 1

171, 0

553, 1

196, 0

256, 1

1376, 0

158, 1

124, 0

283, 1

2134, 0

110, 1

3977, 0

611, 1

532, 0

144, 1

103, 0

148, 1

3128, 0

351, 1

371, 0

2647, 1

274, 0

340, 1

840, 0

232, 1

210, 0

382, 1

2848, 0

223, 1

1208, 0

69, 1

2049, 0

618, 1

490, 0

161, 1

118, 0

103, 1

3129, 0

349, 1

401, 0

2091, 1

55, 0

369, 1

345, 0

715, 1

380, 0

184, 1

465, 0

106, 1

255, 0

77, 1

1095, 0

306, 1

1293, 0

134, 1

196, 0

187, 1

3027, 0

658, 1

492, 0

217, 1

3276, 0

374, 1

377, 0

2716, 1

144, 0

185, 1

1066, 0

615, 1

431, 0

436, 1

157, 0

217, 1

901, 0

136, 1

906, 0

132, 1

195, 0

79, 1

1605, 0

123, 1

1273, 0

649, 1

444, 0

201, 1

3328, 0

347, 1

392, 0

2565, 1

190, 0

571, 1

310, 0

127, 1

758, 0

371, 1

2802, 0

238, 1

3368, 0

629, 1

523, 0

416, 1

997, 0

65, 1

2008, 0

350, 1

395, 0

2798, 1

104, 0

187, 1

501, 0

83, 1

452, 0

502, 1

919, 0

84, 1

4702, 0

63, 1

917, 0

617, 1

508, 0

146, 1

3357, 0

369, 1

384, 0

1926, 1

93, 0

775, 1

92, 0

155, 1

415, 0

140, 1

698, 0

362, 1

1658, 0

593, 1

826, 0

525, 1

321, 0

86, 1

2647, 0

599, 1

511, 0

181, 1

68, 0

107, 1

3150, 0

370, 1

381, 0

1914, 1

74, 0

655, 1

113, 0

520, 1

117, 0

727, 1

344, 0

217, 1

2113, 0

340, 1

615, 0

405, 1

3133, 0

656, 1

517, 0

103, 1

604, 0

89, 1

2678, 0

340, 1

381, 0

795, 1

114, 0

795, 1

584, 0

241, 1

475, 0

296, 1

1528, 0

189, 1

253, 0

290, 1

527, 0

308, 1

3090, 0

712, 1

386, 0

207, 1

101, 0

166, 1

210, 0

79, 1

1556, 0

75, 1

1144, 0

363, 1

382, 0

1798, 1

63, 0

61, 1

119, 0

1515, 1

485, 0

189, 1

440, 0

212, 1

286, 0

214, 1

285, 0

123, 1

1804, 0

422, 1

3291, 0

596, 1

505, 0

170, 1

89, 0

116, 1

3150, 0

356, 1

395, 0

2547, 1

238, 0

471, 1

355, 0

103, 1

194, 0

122, 1

724, 0

301, 1

1613, 0

183, 1

1009, 0

174, 1

2801, 0

85, 1

373, 0

642, 1

493, 0

149, 1

108, 0

70, 1

3189, 0

309, 1

429, 0

3094, 1

252, 0

188, 1

444, 0

460, 1

357, 0

410, 1

862, 0

153, 1

153, 0

111, 1

1291, 0

129, 1

86, 0

174, 1

3127, 0

770, 1

344, 0

178, 1

106, 0

75, 1

3166, 0

392, 1

360, 0

1809, 1

340, 0

381, 1

379, 0

127, 1

1046, 0

146, 1

1119, 0

70, 1

638, 0

422, 1

1284, 0

167, 1

84, 0

101, 1

3187, 0

609, 1

483, 0

185, 1

77, 0

104, 1

3162, 0

379, 1

364, 0

1892, 1

97, 0

598, 1

149, 0

406, 1

311, 0

331, 1

1197, 0

199, 1

555, 0

68, 1

1882, 0

169, 1

116, 0

213, 1

2179, 0

137, 1

830, 0

595, 1

560, 0

298, 1

3168, 0

321, 1

422, 0

1948, 1

65, 0

565, 1

163, 0

781, 1

317, 0

146, 1

260, 0

207, 1

120, 0

87, 1

1581, 0

210, 1

480, 0

238, 1

521, 0

456, 1

3168, 0

234, 1

78, 0

278, 1

561, 0

72, 1

3404, 0

353, 1

394, 0

1911, 1

100, 0

527, 1

217, 0

386, 1

227, 0

179, 1

968, 0

225, 1

1659, 0

144, 1

212, 0

120, 1

151, 0

759, 1

167, 0

438, 1

2903, 0

586, 1

533, 0

150, 1

3371, 0

336, 1

406, 0

3763, 1

139, 0

297, 1

81, 0

358, 1

221, 0

81, 1

811, 0

72, 1

1694, 0

706, 1

3087, 0

604, 1

486, 0

149, 1

788, 0

168, 1

2425, 0

344, 1

406, 0

3429, 1

302, 0

471, 1

722, 0

185, 1

1204, 0

108, 1

1462, 0

182, 1

3241, 0

596, 1

529, 0

93, 1

3415, 0

349, 1

377, 0

2552, 1

393, 0

698, 1

462, 0

665, 1

971, 0

92, 1

232, 0

165, 1

1013, 0

332, 1

192, 0

73, 1

138, 0

243, 1

3094, 0

627, 1

515, 0

130, 1

150, 0

71, 1

3155, 0

353, 1

377, 0

2539, 1

343, 0

285, 1

357, 0

487, 1

1315, 0

381, 1

80, 0

166, 1

672, 0

120, 1

186, 0

191, 1

573, 0

388, 1

3226, 0

589, 1

575, 0

89, 1

124, 0

116, 1

3138, 0

371, 1

373, 0

2548, 1

340, 0

218, 1

145, 0

183, 1

332, 0

604, 1

369, 0

95, 1

1428, 0

211, 1

78, 0

247, 1

888, 0

285, 1

3335, 0

630, 1

522, 0

128, 1

92, 0

91, 1

1074, 0

70, 1

2013, 0

387, 1

372, 0

2575, 1

362, 0

807, 1

359, 0

177, 1

214, 0

87, 1

528, 0

217, 1

940, 0

405, 1

310, 0

557, 1

393, 0

357, 1

1414, 0

199, 1

234, 0

286, 1

886, 0

583, 1

504, 0

149, 1

3390, 0

405, 1

334, 0

2536, 1

240, 0

334, 1

4430, 0

147, 1

202, 0

183, 1

3242, 0

683, 1

472, 0

277, 1

3201, 0

348, 1

394, 0

2656, 1

117, 0

484, 1

1110, 0

666, 1

205, 0

110, 1

380, 0

152, 1

129, 0

154, 1

490, 0

165, 1

402, 0

92, 1

565, 0

212, 1

3213, 0

646, 1

514, 0

303, 1

3176, 0

342, 1

387, 0

2653, 1

292, 0

414, 1

683, 0

123, 1

134, 0

119, 1

962, 0

192, 1

2164, 0

376, 1

3189, 0

689, 1

452, 0

311, 1

1577, 0

167, 1

1441, 0

397, 1

353, 0

2681, 1

159, 0

263, 1

683, 0

219, 1

487, 0

169, 1

210, 0

135, 1

6303, 0

599, 1

496, 0

451, 1

3071, 0

349, 1

398, 0

2662, 1

265, 0

437, 1

715, 0

410, 1

413, 0

165, 1

974, 0

297, 1

460, 0

69, 1

268, 0

198, 1

368, 0

111, 1

105, 0

100, 1

3284, 0

636, 1

521, 0

95, 1

274, 0

82, 1

3028, 0

356, 1

388, 0

3371, 1

563, 0

235, 1

667, 0

191, 1

95, 0

82, 1

106, 0

148, 1

1046, 0

78, 1

1302, 0

330, 1

3110, 0

595, 1

532, 0

151, 1

3347, 0

332, 1

406, 0

3460, 1

62, 0

144, 1

524, 0

451, 1

99, 0

86, 1

2463, 0

710, 1

3302, 0

644, 1

506, 0

133, 1

82, 0

153, 1

3126, 0

337, 1

413, 0

2589, 1

116, 0

399, 1

917, 0

181, 1

224, 0

205, 1

519, 0

84, 1

751, 0

273, 1

322, 0

385, 1

902, 0

369, 1

3038, 0

632, 1

508, 0

153, 1

129, 0

78, 1

3142, 0

342, 1

407, 0

1909, 1

94, 0

559, 1

294, 0

268, 1

979, 0

390, 1

2231, 0

210, 1

876, 0

359, 1

2004, 0

231, 1

892, 0

664, 1

468, 0

162, 1

3362, 0

345, 1

394, 0

3634, 1

394, 0

534, 1

762, 0

124, 1

2298, 0

235, 1

2138, 0

127, 1

1034, 0

629, 1

532, 0

115, 1

96, 0

159, 1

3132, 0

350, 1

367, 0

2669, 1

276, 0

142, 1

2209, 0

106, 1

1203, 0

140, 1

1059, 0

352, 1

3165, 0

608, 1

550, 0

126, 1

3342, 0

351, 1

387, 0

2822, 1

82, 0

649, 1

555, 0

100, 1

1243, 0

137, 1

109, 0

173, 1

996, 0

335, 1

274, 0

87, 1

227, 0

420, 1

3106, 0

608, 1

556, 0

107, 1

3356, 0

347, 1

408, 0

2530, 1

384, 0

445, 1

222, 0

82, 1

259, 0

77, 1

193, 0

403, 1

1746, 0

158, 1

229, 0

98, 1

315, 0

883, 1

3276, 0

590, 1

520, 0

155, 1

118, 0

156, 1

962, 0

63, 1

2076, 0

346, 1

389, 0

2569, 1

214, 0

307, 1

1145, 0

945, 1

550, 0

148, 1

642, 0

265, 1

249, 0

173, 1

561, 0

456, 1

3078, 0

775, 1

368, 0

138, 1

99, 0

71, 1

1091, 0

108, 1

1960, 0

346, 1

414, 0

2717, 1

184, 0

404, 1

373, 0

415, 1

1491, 0

393, 1

476, 0

92, 1

371, 0

70, 1

456, 0

149, 1

300, 0

181, 1

3241, 0

628, 1

488, 0

154, 1

3354, 0

352, 1

389, 0

3134, 1

94, 0

115, 1

891, 0

151, 1

128, 0

105, 1

1038, 0

199, 1

1630, 0

62, 1

142, 0

142, 1

234, 0

335, 1

2921, 0

599, 1

516, 0

138, 1

129, 0

89, 1

3162, 0

371, 1

362, 0

3169, 1

524, 0

79, 1

171, 0

181, 1

1389, 0

124, 1

251, 0

257, 1

297, 0

669, 1

373, 0

661, 1

3143, 0

639, 1

505, 0

359, 1

3164, 0

337, 1

393, 0

2009, 1

155, 0

336, 1

425, 0

217, 1

943, 0

162, 1

427, 0

164, 1

59, 0

185, 1

1063, 0

288, 1

718, 0

309, 1

181, 0

203, 1

47, 0

159, 1

69, 0

130, 1

2777, 0

72, 1

192, 0

623, 1

511, 0

127, 1

137, 0

108, 1

3143, 0

344, 1

392, 0

2689, 1

257, 0

262, 1

390, 0

172, 1

510, 0

101, 1

286, 0

161, 1

1547, 0

120, 1

1009, 0

129, 1

93, 0

577, 1

226, 0

110, 1

2660, 0

592, 1

557, 0

140, 1

101, 0

170, 1

3095, 0

376, 1

352, 0

2604, 1

269, 0

315, 1

284, 0

485, 1

474, 0

170, 1

307, 0

177, 1

296, 0

163, 1

163, 0

238, 1

86, 0

100, 1

279, 0

102, 1

154, 0

210, 1

89, 0

133, 1

572, 0

98, 1

200, 0

160, 1

3158, 0

644, 1

552, 0

71, 1

73, 0

190, 1

3124, 0

361, 1

386, 0

1908, 1

102, 0

458, 1

285, 0

306, 1

121, 0

156, 1

804, 0

291, 1

633, 0

352, 1

221, 0

71, 1

2000, 0

317, 1

193, 0

177, 1

2922, 0

588, 1

780, 0

83, 1

3175, 0

369, 1

370, 0

1772, 1

117, 0

629, 1

107, 0

595, 1

328, 0

196, 1

347, 0

344, 1

274, 0

75, 1

771, 0

238, 1

1562, 0

104, 1

133, 0

512, 1

3182, 0

634, 1

495, 0

164, 1

3345, 0

368, 1

384, 0

2590, 1

323, 0

172, 1

746, 0

413, 1

1745, 0

67, 1

530, 0

172, 1

727, 0

185, 1

335, 0

78, 1

3203, 0

641, 1

491, 0

166, 1

92, 0

146, 1

3115, 0

359, 1

378, 0

3082, 1

1052, 0

241, 1

1166, 0

193, 1

2046, 0

46, 1

307, 0

159, 1

3033, 0

627, 1

724, 0

161, 1

3107, 0

361, 1

384, 0

2616, 1

248, 0

268, 1

935, 0

297, 1

685, 0

77, 1

2048, 0

203, 1

335, 0

89, 1

172, 0

261, 1

3061, 0

645, 1

421, 0

264, 1

3319, 0

348, 1

379, 0

1934, 1

71, 0

709, 1

70, 0

316, 1

512, 0

357, 1

383, 0

120, 1

1634, 0

711, 1

793, 0

575, 1

3115, 0

623, 1

528, 0

139, 1

88, 0

130, 1

3143, 0

375, 1

352, 0

2818, 1

1844, 0

355, 1

1142, 0

92, 1

1632, 0

184, 1

205, 0

98, 1

2979, 0

556, 1

588, 0

273, 1

3193, 0

343, 1

381, 0

1941, 1

117, 0

626, 1

268, 0

153, 1

3897, 0

89, 1

268, 0

213, 1

320, 0

440, 1

2986, 0

622, 1

495, 0

132, 1

3386, 0

345, 1

403, 0

2528, 1

173, 0

782, 1

616, 0

313, 1

1518, 0

1091, 1

681, 0

110, 1

3460, 0

779, 1

363, 0

222, 1

3292, 0

355, 1

395, 0

1990, 1

96, 0

612, 1

249, 0

167, 1

879, 0

250, 1

298, 0

182, 1

2756, 0

707, 1

3113, 0

615, 1

540, 0

141, 1

3338, 0

348, 1

382, 0

2637, 1

157, 0

288, 1

1377, 0

172, 1

1865, 0

97, 1

642, 0

231, 1

434, 0

331, 1

3096, 0

616, 1

485, 0

265, 1

469, 0

101, 1

672, 0

81, 1

1935, 0

339, 1

409, 0

1836, 1

325, 0

463, 1

100, 0

324, 1

1079, 0

152, 1

410, 0

192, 1

617, 0

455, 1

343, 0

212, 1

304, 0

143, 1

648, 0

159, 1

113, 0

118, 1

3282, 0

676, 1

444, 0

186, 1

3356, 0

355, 1

374, 0

2718, 1

176, 0

268, 1

394, 0

242, 1

60, 0

124, 1

185, 0

117, 1

643, 0

203, 1

728, 0

394, 1

358, 0

311, 1

141, 0

243, 1

435, 0

100, 1

105, 0

300, 1

3070, 0

594, 1

537, 0

127, 1

3380, 0

336, 1

405, 0

3381, 1

924, 0

60, 1

599, 0

186, 1

1749, 0

106, 1

561, 0

463, 1

3264, 0

630, 1

486, 0

170, 1

3353, 0

343, 1

417, 0

1923, 1

56, 0

618, 1

225, 0

136, 1

1188, 0

320, 1

788, 0

146, 1

2247, 0

313, 1

3311, 0

635, 1

519, 0

377, 1

3124, 0

351, 1

391, 0

3096, 1

71, 0

429, 1

760, 0

244, 1

83, 0

608, 1

363, 0

155, 1

1672, 0

142, 1

89, 0

483, 1

3102, 0

675, 1

432, 0

157, 1

77, 0

115, 1

1008, 0

335, 1

1838, 0

329, 1

404, 0

2597, 1

155, 0

670, 1

905, 0

115, 1

1693, 0

177, 1

1648, 0

119, 1

3226, 0

267, 1

44, 0

319, 1

502, 0

118, 1

3386, 0

364, 1

386, 0

2548, 1

299, 0

869, 1

2715, 0

185, 1

198, 0

104, 1

4357, 0

632, 1

564, 0

84, 1

146, 0

80, 1

3152, 0

347, 1

394, 0

1809, 1

129, 0

848, 1

74, 0

379, 1

86, 0

143, 1

643, 0

93, 1

231, 0

598, 1

1567, 0

221, 1

147, 0

117, 1

425, 0

709, 1

3089, 0

611, 1

502, 0

168, 1

3346, 0

363, 1

380, 0

2591, 1

360, 0

115, 1

1030, 0

87, 1

3634, 0

343, 1

3150, 0

658, 1

486, 0

75, 1

153, 0

80, 1

3184, 0

350, 1

400, 0

3620, 1

105, 0

278, 1

227, 0

160, 1

1257, 0

127, 1

222, 0

779, 1

1109, 0

201, 1

438, 0

74, 1

2685, 0

604, 1

558, 0

347, 1

3128, 0

366, 1

377, 0

2652, 1

94, 0

479, 1

648, 0

135, 1

677, 0

191, 1

1017, 0

165, 1

1053, 0

211, 1

456, 0

404, 1

3120, 0

610, 1

524, 0

166, 1

3345, 0

366, 1

384, 0

1788, 1

294, 0

414, 1

342, 0

673, 1

151, 0

105, 1

336, 0

216, 1

784, 0

129, 1

2034, 0

123, 1

316, 0

514, 1

3075, 0

683, 1

416, 0

139, 1

1261, 0

125, 1

2028, 0

345, 1

388, 0

3178, 1

305, 0

201, 1

856, 0

245, 1

469, 0

142, 1

91, 0

249, 1

659, 0

247, 1

396, 0

428, 1

686, 0

139, 1

2153, 0

63, 1

786, 0

606, 1

518, 0

327, 1

3198, 0

356, 1

369, 0

2499, 1

248, 0

359, 1

191, 0

291, 1

885, 0

128, 1

167, 0

333, 1

1625, 0

369, 1

684, 0

285, 1

3260, 0

593, 1

556, 0

126, 1

3348, 0

371, 1

377, 0

1915, 1

65, 0

499, 1

237, 0

544, 1

419, 0

112, 1

327, 0

213, 1

3386, 0

480, 1

3081, 0

879, 1

3773, 0

379, 1

367, 0

3664, 1

304, 0

112, 1

433, 0

159, 1

1123, 0

229, 1

300, 0

359, 1

1448, 0

130, 1

3031, 0

637, 1

502, 0

151, 1

65, 0

116, 1

3178, 0

355, 1

383, 0

2572, 1

314, 0

265, 1

106, 0

164, 1

175, 0

352, 1

105, 0

71, 1

1499, 0

207, 1

547, 0

409, 1

487, 0

221, 1

256, 0

507, 1

760, 0

341, 1

1942, 0

604, 1

578, 0

317, 1

518, 0

247, 1

352, 0

103, 1

1927, 0

365, 1

376, 0

1795, 1

185, 0

640, 1

260, 0

175, 1

2076, 0

170, 1

1020, 0

87, 1

402, 0

160, 1

373, 0

114, 1

448, 0

425, 1

2967, 0

625, 1

502, 0

124, 1

110, 0

123, 1

3153, 0

345, 1

392, 0

2649, 1

146, 0

530, 1

163, 0

93, 1

587, 0

189, 1

155, 0

184, 1

550, 0

200, 1

1693, 0

271, 1

547, 0

287, 1

3049, 0

646, 1

521, 0

276, 1

3217, 0

343, 1

388, 0

1768, 1

54, 0

245, 1

101, 0

413, 1

334, 0

167, 1

392, 0

398, 1

1041, 0

98, 1

359, 0

643, 1

182, 0

168, 1

519, 0

212, 1

241, 0

132, 1

310, 0

324, 1

3198, 0

636, 1

497, 0

142, 1

3375, 0

356, 1

369, 0

2662, 1

143, 0

306, 1

102, 0

131, 1

800, 0

83, 1

407, 0

139, 1

1806, 0

290, 1

934, 0

418, 1

3071, 0

717, 1

442, 0

348, 1

1470, 0

70, 1

951, 0

94, 1

581, 0

330, 1

386, 0

2508, 1

586, 0

97, 1

78, 0

136, 1

638, 0

114, 1

1316, 0

308, 1

262, 0

333, 1

1143, 0

52, 1

241, 0

296, 1

3206, 0

595, 1

530, 0

118, 1

3395, 0

362, 1

383, 0

2501, 1

174, 0

395, 1

1339, 0

106, 1

722, 0

106, 1

2895, 0

148, 1

2906, 0

646, 1

527, 0

101, 1

3375, 0

345, 1

366, 0

2658, 1

308, 0

325, 1

300, 0

260, 1

1210, 0

125, 1

1496, 0

458, 1

637, 0

300, 1

3248, 0

616, 1

531, 0

134, 1

3347, 0

370, 1

366, 0

2499, 1

505, 0

205, 1

1252, 0

183, 1

249, 0

484, 1

1368, 0

91, 1

163, 0

106, 1

861, 0

359, 1

2991, 0

602, 1

537, 0

158, 1

3344, 0

368, 1

388, 0

2004, 1

90, 0

510, 1

249, 0

186, 1

261, 0

112, 1

418, 0

77, 1

370, 0

520, 1

2631, 0

614, 1

3247, 0

606, 1

526, 0

115, 1

3398, 0

355, 1

373, 0

1858, 1

110, 0

637, 1

277, 0

373, 1

1231, 0

260, 1

716, 0

158, 1

1471, 0

77, 1

316, 0

581, 1

3233, 0

600, 1

544, 0

145, 1

3365, 0

326, 1

401, 0

2550, 1

240, 0

116, 1

818, 0

116, 1

909, 0

109, 1

529, 0

261, 1

1199, 0

681, 1

3117, 0

658, 1

478, 0

114, 1

3381, 0

361, 1

396, 0

2593, 1

150, 0

150, 1

103, 0

213, 1

151, 0

342, 1

1474, 0

447, 1

885, 0

121, 1

132, 0

87, 1

343, 0

317, 1

1276, 0

69, 1

2440, 0

136, 1

66, 0

394, 1

595, 0

66, 1

3361, 0

376, 1

374, 0

2591, 1

158, 0

451, 1

343, 0

98, 1

493, 0

55, 1

276, 0

99, 1

1880, 0

129, 1

254, 0

107, 1

717, 0

170, 1

81, 0

376, 1

3035, 0

682, 1

476, 0

193, 1

3294, 0

328, 1

406, 0

3484, 1

721, 0

287, 1

323, 0

70, 1

281, 0

317, 1

791, 0

120, 1

1381, 0

542, 1

2980, 0

651, 1

462, 0

135, 1

106, 0

127, 1

3159, 0

340, 1

402, 0

1932, 1

84, 0

525, 1

1282, 0

177, 1

346, 0

169, 1

1590, 0

148, 1

699, 0

302, 1

141, 0

492, 1

95, 0

164, 1

3147, 0

593, 1

531, 0

148, 1

3374, 0

358, 1

361, 0

2621, 1

166, 0

408, 1

192, 0

208, 1

1266, 0

225, 1

1342, 0

128, 1

131, 0

127, 1

267, 0

155, 1

494, 0

400, 1

3202, 0

605, 1

500, 0

349, 1

3174, 0

327, 1

405, 0

565, 1

121, 0

1977, 1

309, 0

193, 1

67, 0

84, 1

787, 0

373, 1

367, 0

238, 1

68, 0

331, 1

620, 0

166, 1

829, 0

365, 1

407, 0

174, 1

3254, 0

617, 1

509, 0

127, 1

2765, 0

63, 1

570, 0

355, 1

393, 0

2528, 1

428, 0

415, 1

1150, 0

271, 1

233, 0

638, 1

699, 0

260, 1

844, 0

956, 1

2881, 0

602, 1

502, 0

136, 1

146, 0

78, 1

3161, 0

339, 1

397, 0

3645, 1

879, 0

123, 1

294, 0

112, 1

1171, 0

93, 1

173, 0

234, 1

980, 0

302, 1

1590, 0

69, 1

1624, 0

794, 1

342, 0

411, 1

3130, 0

327, 1

390, 0

1804, 1

60, 0

642, 1

160, 0

597, 1

681, 0

287, 1

549, 0

470, 1

567, 0

183, 1

77, 0

134, 1

547, 0

349, 1

583, 0

767, 1

83, 0

379, 1

1144, 0

393, 1

844, 0

758, 1

34, 0

349, 1

182, 0

308, 1

1227, 0

296, 1

1228, 0

859, 1

226, 0

273, 1

715, 0

356, 1

154, 0

321, 1

1210, 0

316, 1

197, 0

315, 1

1216, 0

288, 1

222, 0

284, 1

1246, 0

285, 1

272, 0

290, 1

217, 0

293, 1

1235, 0

280, 1

226, 0

284, 1

1235, 0

296, 1

222, 0

287, 1

1235, 0

288, 1

213, 0

294, 1

1281, 0

300, 1

1215, 0

309, 1

203, 0

309, 1

1223, 0

292, 1

217, 0

290, 1

1237, 0

291, 1

220, 0

294, 1

211, 0

291, 1

1287, 0

295, 1

1239, 0

281, 1

230, 0

280, 1

1245, 0

286, 1

218, 0

289, 1

1241, 0

284, 1

226, 0

284, 1

1243, 0

287, 1

271, 0

288, 1

1238, 0

302, 1

205, 0

292, 1

217, 0

284, 1

1247, 0

288, 1

1238, 0

288, 1

217, 0

287, 1

1240, 0

291, 1

269, 0

288, 1

1239, 0

292, 1

216, 0

290, 1

217, 0

289, 1

1245, 0

290, 1

213, 0

289, 1

1240, 0

289, 1

218, 0

289, 1

1294, 0

293, 1

1229, 0

301, 1

209, 0

296, 1

1232, 0

296, 1

213, 0

297, 1

210, 0

295, 1

1236, 0

294, 1

1234, 0

296, 1

191, 0

266, 1

10477, 0

319, 1

2641, 0

316, 1

190, 0

316, 1

1215, 0

316, 1

1211, 0

318, 1

190, 0

317, 1

190, 0

314, 1

1217, 0

315, 1

1210, 0

318, 1

243, 0

313, 1

1214, 0

315, 1

191, 0

314, 1

1214, 0

313, 1

197, 0

314, 1

1213, 0

315, 1

191, 0

315, 1

1212, 0

316, 1

243, 0

314, 1

192, 0

315, 1

1216, 0

312, 1

194, 0

311, 1

1220, 0

314, 1

192, 0

310, 1

1216, 0

313, 1

193, 0

311, 1

1271, 0

313, 1

1214, 0

313, 1

193, 0

312, 1

1214, 0

314, 1

198, 0

315, 1

1211, 0

315, 1

193, 0

314, 1

193, 0

312, 1

1266, 0

313, 1

1214, 0

314, 1

197, 0

314, 1

1212, 0

315, 1

191, 0

313, 1

1215, 0

313, 1

198, 0

312, 1

1214, 0

313, 1

245, 0

313, 1

1213, 0

313, 1

195, 0

314, 1

194, 0

312, 1

1220, 0

314, 1

1215, 0

315, 1

193, 0

314, 1

1217, 0

313, 1

246, 0

314, 1

1216, 0

315, 1

195, 0

313, 1

194, 0

313, 1

1222, 0

314, 1

193, 0

313, 1

1217, 0

317, 1

190, 0

314, 1

1273, 0

313, 1

1215, 0

315, 1

193, 0

314, 1

1216, 0

315, 1

196, 0

313, 1

195, 0

313, 1

1220, 0

314, 1

1216, 0

315, 1

172, 0

285, 1

10470, 0

330, 1

2636, 0

313, 1

195, 0

312, 1

1220, 0

313, 1

1217, 0

314, 1

196, 0

313, 1

195, 0

311, 1

1222, 0

312, 1

1217, 0

313, 1

248, 0

313, 1

1229, 0

284, 1

224, 0

284, 1

1245, 0

286, 1

227, 0

285, 1

1244, 0

286, 1

222, 0

286, 1

1243, 0

288, 1

275, 0

287, 1

221, 0

287, 1

1243, 0

288, 1

219, 0

288, 1

1247, 0

288, 1

218, 0

288, 1

1242, 0

290, 1

218, 0

289, 1

1296, 0

291, 1

1237, 0

293, 1

215, 0

292, 1

1237, 0

293, 1

220, 0

293, 1

1235, 0

294, 1

216, 0

294, 1

214, 0

292, 1

1288, 0

295, 1

1234, 0

296, 1

217, 0

295, 1

1233, 0

297, 1

211, 0

295, 1

1234, 0

297, 1

216, 0

296, 1

1232, 0

298, 1

264, 0

296, 1

1233, 0

298, 1

211, 0

298, 1

210, 0

297, 1

1236, 0

298, 1

1229, 0

300, 1

208, 0

298, 1

1231, 0

300, 1

262, 0

299, 1

1230, 0

300, 1

209, 0

301, 1

208, 0

299, 1

1235, 0

300, 1

207, 0

299, 1

1230, 0

300, 1

208, 0

300, 1

1286, 0

300, 1

1228, 0

302, 1

205, 0

302, 1

1228, 0

302, 1

208, 0

301, 1

207, 0

301, 1

1232, 0

302, 1

1228, 0

302, 1

185, 0

272, 1

10469, 0

349, 1

2612, 0

349, 1

159, 0

346, 1

1187, 0

346, 1

1180, 0

363, 1

149, 0

357, 1

151, 0

355, 1

1179, 0

354, 1

1177, 0

351, 1

208, 0

351, 1

1179, 0

351, 1

157, 0

349, 1

1182, 0

348, 1

164, 0

347, 1

1183, 0

346, 1

162, 0

344, 1

1186, 0

345, 1

218, 0

342, 1

166, 0

336, 1

1200, 0

323, 1

185, 0

322, 1

1212, 0

323, 1

185, 0

321, 1

1208, 0

322, 1

186, 0

321, 1

1265, 0

321, 1

1207, 0

322, 1

186, 0

316, 1

1225, 0

294, 1

219, 0

293, 1

1235, 0

295, 1

215, 0

301, 1

206, 0

294, 1

1287, 0

295, 1

1234, 0

297, 1

216, 0

296, 1

1232, 0

298, 1

210, 0

298, 1

1232, 0

298, 1

215, 0

297, 1

1231, 0

299, 1

266, 0

294, 1

1231, 0

300, 1

210, 0

299, 1

212, 0

295, 1

1233, 0

299, 1

1231, 0

300, 1

208, 0

299, 1

1230, 0

301, 1

260, 0

300, 1

1230, 0

301, 1

208, 0

301, 1

207, 0

300, 1

1235, 0

301, 1

206, 0

300, 1

1229, 0

302, 1

206, 0

301, 1

1284, 0

303, 1

1226, 0

303, 1

204, 0

303, 1

1227, 0

303, 1

207, 0

303, 1

209, 0

298, 1

1230, 0

303, 1

1226, 0

305, 1

183, 0

274, 1

10465, 0

350, 1

2610, 0

351, 1

157, 0

348, 1

1186, 0

346, 1

1179, 0

363, 1

149, 0

358, 1

150, 0

356, 1

1178, 0

354, 1

1174, 0

356, 1

205, 0

353, 1

1177, 0

352, 1

156, 0

350, 1

1180, 0

349, 1

164, 0

342, 1

1187, 0

347, 1

161, 0

346, 1

1184, 0

345, 1

218, 0

344, 1

164, 0

338, 1

1198, 0

324, 1

184, 0

322, 1

1213, 0

323, 1

183, 0

322, 1

1207, 0

323, 1

185, 0

322, 1

1263, 0

323, 1

1206, 0

323, 1

185, 0

316, 1

1224, 0

295, 1

218, 0

294, 1

1234, 0

295, 1

214, 0

295, 1

213, 0

294, 1

1286, 0

296, 1

1233, 0

297, 1

215, 0

297, 1

1232, 0

298, 1

209, 0

297, 1

1232, 0

299, 1

213, 0

299, 1

1229, 0

300, 1

261, 0

299, 1

1230, 0

300, 1

210, 0

299, 1

209, 0

298, 1

1234, 0

300, 1

1227, 0

302, 1

207, 0

300, 1

1229, 0

301, 1

259, 0

301, 1

1228, 0

302, 1

208, 0

301, 1

207, 0

300, 1

1234, 0

302, 1

204, 0

301, 1

1229, 0

302, 1

205, 0

302, 1

1283, 0

303, 1

1225, 0

304, 1

204, 0

303, 1

1226, 0

305, 1

205, 0

303, 1

204, 0

303, 1

1230, 0

303, 1

1226, 0

305, 1

183, 0

274, 1

10462, 0

351, 1

2608, 0

351, 1

157, 0

348, 1

1184, 0

348, 1

1182, 0

347, 1

166, 0

342, 1

165, 0

341, 1

1192, 0

340, 1

1188, 0

340, 1

217, 0

339, 1

1194, 0

338, 1

169, 0

337, 1

1193, 0

338, 1

175, 0

336, 1

1192, 0

336, 1

172, 0

334, 1

1195, 0

335, 1

228, 0

333, 1

175, 0

332, 1

1201, 0

329, 1

176, 0

330, 1

1204, 0

331, 1

176, 0

329, 1

1200, 0

330, 1

178, 0

328, 1

1258, 0

328, 1

1200, 0

329, 1

179, 0

327, 1

1202, 0

328, 1

185, 0

327, 1

1201, 0

328, 1

182, 0

326, 1

182, 0

319, 1

1272, 0

298, 1

1230, 0

300, 1

213, 0

299, 1

1229, 0

300, 1

208, 0

299, 1

1230, 0

300, 1

212, 0

300, 1

1229, 0

301, 1

259, 0

301, 1

1228, 0

302, 1

208, 0

301, 1

207, 0

300, 1

1231, 0

302, 1

1226, 0

303, 1

205, 0

302, 1

1227, 0

303, 1

251, 0

302, 1

1233, 0

304, 1

206, 0

303, 1

205, 0

302, 1

1232, 0

304, 1

203, 0

303, 1

1226, 0

303, 1

205, 0

303, 1

1282, 0

304, 1

1224, 0

301, 1

202, 0

305, 1

1229, 0

305, 1

204, 0

305, 1

203, 0

303, 1

1228, 0

306, 1

1224, 0

305, 1

182, 0

275, 1

80384, 0

147750, 1

61, 0

91, 1

49, 0

290, 1

360, 0

311, 1

305, 0

586, 1

157, 0

4512, 1

84, 0

1515, 1

86, 0

204, 1

231, 0

285, 1

141, 0

1588, 1

742, 0

471, 1

550, 0

341, 1

543, 0

688, 1

113, 0

723, 1

302, 0

582, 1

84, 0

122, 1

644, 0

346, 1

489, 0

87, 1

483, 0

376, 1

354, 0

5818, 1

119, 0

2384, 1

2348, 0

351, 1

328, 0

614, 1

437, 0

441, 1

541, 0

84, 1

350, 0

146, 1

874, 0

113, 1

150, 0

43, 1

309, 0

265, 1

222, 0

360, 1

259, 0

2919, 1

96, 0

433, 1

133, 0

458, 1

374, 0

337, 1

82, 0

192, 1

356, 0

256, 1

625, 0

138, 1

511, 0

400, 1

770, 0

535, 1

2829, 0

649, 1

451, 0

135, 1

2895, 0

101, 1

395, 0

379, 1

371, 0

4211, 1

99, 0

219, 1

179, 0

124, 1

625, 0

103, 1

1586, 0

219, 1

580, 0

329, 1

206, 0

104, 1

2702, 0

751, 1

368, 0

162, 1

73, 0

178, 1

3123, 0

353, 1

390, 0

2654, 1

76, 0

414, 1

160, 0

251, 1

116, 0

449, 1

325, 0

910, 1

613, 0

205, 1

239, 0

117, 1

118, 0

347, 1

562, 0

598, 1

2926, 0

65, 1

143, 0

591, 1

539, 0

138, 1

131, 0

133, 1

1995, 0

219, 1

892, 0

338, 1

408, 0

2216, 1

53, 0

214, 1

487, 0

241, 1

1114, 0

359, 1

457, 0

178, 1

1195, 0

202, 1

403, 0

342, 1

240, 0

362, 1

3241, 0

711, 1

701, 0

85, 1

3140, 0

368, 1

384, 0

2588, 1

108, 0

424, 1

1202, 0

406, 1

274, 0

380, 1

172, 0

120, 1

985, 0

101, 1

235, 0

157, 1

113, 0

238, 1

234, 0

74, 1

3481, 0

613, 1

523, 0

131, 1

99, 0

103, 1

3174, 0

342, 1

396, 0

2531, 1

383, 0

241, 1

75, 0

377, 1

86, 0

121, 1

301, 0

74, 1

313, 0

215, 1

144, 0

103, 1

446, 0

161, 1

499, 0

111, 1

227, 0

403, 1

651, 0

120, 1

327, 0

198, 1

3192, 0

627, 1

486, 0

362, 1

1251, 0

57, 1

1861, 0

378, 1

353, 0

1949, 1

41, 0

573, 1

181, 0

356, 1

182, 0

92, 1

345, 0

429, 1

1393, 0

167, 1

428, 0

373, 1

290, 0

190, 1

769, 0

542, 1

3000, 0

630, 1

523, 0

85, 1

616, 0

63, 1

2731, 0

335, 1

390, 0

2690, 1

73, 0

600, 1

965, 0

117, 1

3425, 0

327, 1

3129, 0

614, 1

474, 0

177, 1

3345, 0

385, 1

367, 0

2197, 1

69, 0

248, 1

128, 0

484, 1

551, 0

217, 1

415, 0

429, 1

488, 0

812, 1

140, 0

223, 1

68, 0

136, 1

241, 0

231, 1

431, 0

734, 1

3054, 0

716, 1

427, 0

158, 1

3359, 0

336, 1

382, 0

2686, 1

352, 0

87, 1

202, 0

88, 1

250, 0

153, 1

809, 0

153, 1

1375, 0

235, 1

234, 0

448, 1

168, 0

164, 1

276, 0

699, 1

2940, 0

593, 1

359, 1

359, 1

374, 0

3098, 1

388, 0

205, 1

505, 0

310, 1

384, 0

58, 1

972, 0

97, 1

1190, 0

248, 1

198, 0

99, 1

3548, 0

641, 1

486, 0

278, 1

3245, 0

349, 1

394, 0

2554, 1

246, 0

225, 1

140, 0

509, 1

570, 0

497, 1

563, 0

124, 1

331, 0

76, 1

595, 0

365, 1

1164, 0

316, 1

3054, 0

591, 1

493, 0

176, 1

3359, 0

338, 1

384, 0

2584, 1

329, 0

504, 1

645, 0

290, 1

453, 0

137, 1

162, 0

214, 1

1195, 0

110, 1

627, 0

104, 1

598, 0

343, 1

3022, 0

585, 1

576, 0

80, 1

3399, 0

338, 1

402, 0

2644, 1

274, 0

515, 1

1056, 0

180, 1

416, 0

106, 1

2304, 0

122, 1

388, 0

122, 1

3175, 0

727, 1

406, 0

269, 1

3229, 0

332, 1

413, 0

2609, 1

273, 0

136, 1

342, 0

146, 1

943, 0

195, 1

86, 0

203, 1

2256, 0

68, 1

174, 0

384, 1

3483, 0

637, 1

532, 0

106, 1

3374, 0

378, 1

347, 0

2568, 1

212, 0

315, 1

91, 0

89, 1

1887, 0

271, 1

371, 0

401, 1

647, 0

179, 1

139, 0

104, 1

464, 0

537, 1

3042, 0

604, 1

538, 0

122, 1

3360, 0

331, 1

427, 0

593, 1

79, 0

1963, 1

222, 0

405, 1

733, 0

423, 1

802, 0

353, 1

139, 0

143, 1

502, 0

208, 1

364, 0

115, 1

176, 0

1047, 1

559, 0

84, 1

2376, 0

700, 1

423, 0

130, 1

1268, 0

186, 1

1927, 0

341, 1

422, 0

3206, 1

457, 0

127, 1

1233, 0

167, 1

115, 0

115, 1

907, 0

209, 1

640, 0

431, 1

300, 0

228, 1

3157, 0

576, 1

565, 0

104, 1

106, 0

172, 1

3116, 0

341, 1

385, 0

1904, 1

99, 0

492, 1

233, 0

438, 1

1083, 0

464, 1

200, 0

371, 1

496, 0

207, 1

766, 0

127, 1

576, 0

96, 1

268, 0

414, 1

3078, 0

618, 1

525, 0

133, 1

3359, 0

337, 1

400, 0

5103, 1

260, 0

91, 1

412, 0

172, 1

662, 0

1491, 1

231, 0

194, 1

123, 0

547, 1

2030, 0

607, 1

524, 0

102, 1

196, 0

69, 1

3134, 0

343, 1

412, 0

235, 0

235, 0

445, 1

281, 0

438, 1

445, 0

79, 1

379, 0

67, 1

313, 0

247, 1

314, 0

77, 1

313, 0

114, 1

146, 0

275, 1

882, 0

234, 1

677, 0

367, 1

2407, 0

601, 1

555, 0

331, 1

3160, 0

379, 1

345, 0

1996, 1

91, 0

421, 1

205, 0

443, 1

693, 0

288, 1

143, 0

605, 1

603, 0

493, 1

883, 0

380, 1

682, 0

324, 1

3063, 0

630, 1

485, 0

161, 1

3347, 0

330, 1

409, 0

3268, 1

379, 0

93, 1

270, 0

278, 1

75, 0

122, 1

1448, 0

126, 1

1007, 0

94, 1

640, 0

203, 1

3327, 0

582, 1

524, 0

117, 1

3407, 0

327, 1

406, 0

1960, 1

72, 0

1189, 1

108, 0

395, 1

56, 0

306, 1

136, 0

101, 1

164, 0

277, 1

618, 0

115, 1

851, 0

150, 1

496, 0

337, 1

224, 0

285, 1

3467, 0

569, 1

577, 0

116, 1

120, 0

84, 1

3158, 0

555, 1

174, 0

2631, 1

78, 0

525, 1

69, 0

80, 1

181, 0

410, 1

115, 0

140, 1

296, 0

516, 1

310, 0

535, 1

243, 0

117, 1

118, 0

385, 1

118, 0

210, 1

411, 0

156, 1

3676, 0

630, 1

492, 0

140, 1

3379, 0

319, 1

420, 0

2546, 1

349, 0

360, 1

719, 0

503, 1

3210, 0

245, 1

2871, 0

108, 1

403, 0

597, 1

519, 0

119, 1

3400, 0

335, 1

384, 0

2494, 1

146, 0

189, 1

90, 0

197, 1

205, 0

115, 1

681, 0

253, 1

110, 0

327, 1

615, 0

352, 1

279, 0

431, 1

525, 0

175, 1

295, 0

358, 1

919, 0

66, 1

757, 0

251, 1

87, 0

157, 1

104, 0

278, 1

871, 0

719, 1

210, 0

545, 1

3163, 0

339, 1

387, 0

2580, 1

323, 0

180, 1

796, 0

145, 1

412, 0

132, 1

1253, 0

320, 1

247, 0

58, 1

533, 0

105, 1

271, 0

248, 1

142, 0

96, 1

57, 0

166, 1

3246, 0

670, 1

438, 0

308, 1

1743, 0

214, 1

856, 0

188, 1

214, 0

318, 1

416, 0

2650, 1

109, 0

439, 1

153, 0

203, 1

176, 0

257, 1

230, 0

140, 1

1095, 0

271, 1

434, 0

84, 1

544, 0

207, 1

728, 0

461, 1

3115, 0

160, 1

127, 0

305, 1

608, 0

55, 1

3391, 0

370, 1

372, 0

2083, 1

149, 0

278, 1

677, 0

387, 1

502, 0

95, 1

1942, 0

150, 1

1447, 0

102, 1

154, 0

139, 1

3195, 0

732, 1

423, 0

97, 1

94, 0

143, 1

3163, 0

349, 1

3077, 1

2620, 0

161, 1

624, 0

156, 1

1153, 0

165, 1

3386, 0

75, 1

163, 0

339, 1

531, 0

95, 1

3405, 0

385, 1

353, 0

2541, 1

358, 0

378, 1

187, 1

187, 1

486, 0

76, 1

1085, 0

333, 1

3009, 0

575, 1

584, 0

115, 1

120, 0

80, 1

3155, 0

342, 1

389, 0

2683, 1

72, 0

541, 1

88, 0

269, 1

314, 0

123, 1

136, 0

265, 1

1234, 0

555, 1

876, 0

98, 1

4046, 0

678, 1

445, 0

158, 1

1265, 0

663, 1

197, 0

177, 1

251, 0

163, 1

376, 0

139, 1

140, 0

370, 1

375, 0

3030, 1

2383, 0

155, 1

951, 0

353, 1

1068, 0

72, 1

3299, 0

624, 1

511, 0

121, 1

3378, 0

382, 1

340, 0

2526, 1

353, 0

170, 1

1057, 0

218, 1

2266, 0

130, 1

4570, 0

615, 1

574, 0

310, 1

3163, 0

371, 1

365, 0

2579, 1

912, 0

78, 1

1241, 0

88, 1

639, 0

149, 1

862, 0

130, 1

226, 0

159, 1

4253, 0

747, 1

376, 0

270, 1

3224, 0

356, 1

406, 0

1790, 1

287, 0

420, 1

187, 0

279, 1

327, 0

158, 1

2186, 0

106, 1

421, 0

225, 1

220, 0

347, 1

956, 0

168, 1

101, 0

134, 1

2979, 0

640, 1

490, 0

179, 1

52, 0

140, 1

3145, 0

336, 1

400, 0

3545, 1

464, 0

307, 1

469, 0

226, 1

940, 0

69, 1

1389, 0

694, 1

3180, 0

630, 1

521, 0

150, 1

508, 0

106, 1

2734, 0

338, 1

399, 0

2556, 1

207, 0

409, 1

610, 0

299, 1

62, 0

343, 1

753, 0

980, 1

334, 0

367, 1

145, 0

106, 1

315, 0

183, 1

239, 0

401, 1

2995, 0

635, 1

495, 0

154, 1

1290, 0

112, 1

1956, 0

362, 1

397, 0

2503, 1

525, 0

352, 1

851, 0

53, 1

353, 0

206, 1

661, 0

3104, 1

78, 0

330, 1

2262, 0

610, 1

497, 0

193, 1

1251, 0

73, 1

2028, 0

369, 1

337, 0

2622, 1

244, 0

2976, 1

173, 0

216, 1

480, 0

542, 1

629, 0

277, 1

1043, 0

107, 1

2015, 0

647, 1

493, 0

121, 1

3390, 0

323, 1

419, 0

2533, 1

259, 0

663, 1

2119, 0

128, 1

5609, 0

609, 1

523, 0

131, 1

3359, 0

362, 1

393, 0

1840, 1

274, 0

375, 1

653, 0

75, 1

151, 0

62, 1

2608, 0

716, 1

412, 0

2902, 1

1215, 0

613, 1

540, 0

103, 1

144, 0

79, 1

3155, 0

376, 1

379, 0

1825, 1

321, 0

353, 1

254, 0

328, 1

2144, 0

165, 1

1549, 0

123, 1

4230, 0

635, 1

4021, 0

304, 1

431, 0

2503, 1

390, 0

313, 1

519, 0

699, 1

764, 0

43, 1

1436, 0

160, 1

911, 0

332, 1

3232, 0

583, 1

516, 0

150, 1

139, 0

164, 1

3079, 0

364, 1

393, 0

1804, 1

296, 0

394, 1

260, 0

170, 1

442, 0

59, 1

2158, 0

218, 1

1838, 0

193, 1

128, 0

382, 1

2966, 0

583, 1

531, 0

118, 1

121, 0

105, 1

3162, 0

351, 1

381, 0

2501, 1

357, 0

352, 1

565, 0

382, 1

1276, 0

105, 1

419, 0

113, 1

1918, 0

153, 1

2134, 0

120, 1

918, 0

652, 1

462, 0

422, 1

271, 0

70, 1

2760, 0

357, 1

378, 0

1866, 1

112, 0

599, 1

362, 0

174, 1

627, 0

89, 1

179, 0

332, 1

456, 0

231, 1

295, 0

261, 1

104, 0

192, 1

169, 0

148, 1

1095, 0

217, 1

213, 0

222, 1

3355, 0

600, 1

491, 0

173, 1

3365, 0

340, 1

411, 0

1818, 1

157, 0

624, 1

352, 0

111, 1

936, 0

195, 1

300, 0

84, 1

2539, 0

202, 1

364, 0

121, 1

3484, 0

650, 1

505, 0

128, 1

2131, 0

93, 1

1157, 0

349, 1

378, 0

3128, 1

848, 0

163, 1

266, 0

151, 1

326, 0

261, 1

1689, 0

368, 1

542, 0

279, 1

3287, 0

632, 1

477, 0

127, 1

132, 0

141, 1

3132, 0

340, 1

400, 0

2797, 1

113, 0

287, 1

879, 0

97, 1

172, 0

103, 1

820, 0

262, 1

149, 0

146, 1

5476, 0

705, 1

440, 0

291, 1

3204, 0

344, 1

385, 0

1814, 1

183, 0

503, 1

70, 0

83, 1

1027, 0

92, 1

1263, 0

287, 1

231, 0

203, 1

1212, 0

185, 1

130, 0

542, 1

121, 0

372, 1

2221, 0

219, 1

549, 0

730, 1

396, 0

357, 1

3150, 0

377, 1

362, 0

3427, 1

508, 0

220, 1

163, 0

242, 1

1676, 0

74, 1

490, 0

255, 1

517, 0

483, 1

2736, 0

87, 1

433, 0

595, 1

528, 0

156, 1

3368, 0

320, 1

412, 0

3166, 1

100, 0

128, 1

1840, 0

189, 1

235, 0

180, 1

173, 0

385, 1

1103, 0

491, 1

3300, 0

651, 1

489, 0

358, 1

3155, 0

341, 1

385, 0

2632, 1

305, 0

365, 1

1371, 0

220, 1

406, 0

221, 1

479, 0

191, 1

956, 0

248, 1

110, 0

263, 1

170, 0

355, 1

3020, 0

620, 1

508, 0

319, 1

3187, 0

371, 1

351, 0

3283, 1

594, 0

227, 1

570, 0

255, 1

387, 0

244, 1

1331, 0

179, 1

889, 0

167, 1

3200, 0

759, 1

368, 0

322, 1

3201, 0

324, 1

414, 0

2595, 1

326, 0

393, 1

322, 0

294, 1

1176, 0

273, 1

611, 0

96, 1

639, 0

599, 1

567, 0

159, 1

909, 0

128, 1

2208, 0

633, 1

539, 0

97, 1

71, 0

129, 1

412, 0

116, 1

2649, 0

367, 1

367, 0

1904, 1

110, 0

689, 1

448, 0

199, 1

601, 0

193, 1

820, 0

203, 1

148, 0

206, 1

682, 0

174, 1

65, 0

193, 1

4675, 0

651, 1

471, 0

151, 1

3341, 0

402, 1

346, 0

2627, 1

331, 0

271, 1

131, 0

304, 1

157, 0

176, 1

257, 0

244, 1

456, 0

105, 1

1516, 0

342, 1

941, 0

126, 1

3318, 0

662, 1

486, 0

205, 1

3301, 0

313, 1

415, 0

2615, 1

376, 0

324, 1

359, 0

327, 1

1550, 0

111, 1

809, 0

824, 1

110, 0

291, 1

209, 0

105, 1

3300, 0

262, 1

35, 0

410, 1

452, 0

125, 1

85, 0

233, 1

3038, 0

379, 1

353, 0

1886, 1

115, 0

548, 1

377, 0

274, 1

269, 0

149, 1

291, 0

143, 1

65, 0

506, 1

872, 0

146, 1

519, 0

162, 1

193, 0

100, 1

495, 0

494, 1

3704, 0

683, 1

477, 0

77, 1

3387, 0

355, 1

403, 0

1902, 1

90, 0

1239, 1

1282, 0

248, 1

144, 0

79, 1

1142, 0

187, 1

84, 0

295, 1

1118, 0

187, 1

3269, 0

665, 1

475, 0

429, 1

3106, 0

345, 1

389, 0

3030, 1

125, 0

130, 1

308, 0

218, 1

203, 0

193, 1

608, 0

108, 1

703, 0

81, 1

465, 0

128, 1

234, 0

724, 1

221, 0

554, 1

110, 0

79, 1

3084, 0

616, 1

213, 0

136, 1

164, 0

157, 1

3348, 0

333, 1

415, 0

2551, 1

158, 0

127, 1

70, 0

361, 1

1248, 0

133, 1

509, 0

318, 1

1368, 0

206, 1

334, 0

288, 1

235, 0

356, 1

3025, 0

648, 1

487, 0

136, 1

3364, 0

358, 1

404, 0

1821, 1

50, 0

765, 1

201, 0

278, 1

756, 0

161, 1

177, 0

139, 1

151, 0

101, 1

2083, 0

215, 1

782, 0

310, 1

3277, 0

642, 1

516, 0

152, 1

51, 0

137, 1

3169, 0

325, 1

407, 0

1956, 1

124, 0

740, 1

80, 0

329, 1

671, 0

356, 1

671, 0

60, 1

152, 0

161, 1

1308, 0

641, 1

123, 0

82, 1

525, 0

117, 1

3199, 0

769, 1

357, 0

174, 1

77, 0

170, 1

3080, 0

336, 1

420, 0

1969, 1

83, 0

466, 1

342, 0

306, 1

1062, 0

183, 1

2052, 0

158, 1

767, 0

184, 1

343, 0

342, 1

3054, 0

678, 1

464, 0

103, 1

3393, 0

375, 1

368, 0

4087, 1

699, 0

76, 1

905, 0

80, 1

1863, 0

124, 1

3465, 0

591, 1

552, 0

351, 1

3139, 0

351, 1

388, 0

2677, 1

173, 0

353, 1

291, 0

363, 1

290, 0

106, 1

333, 0

596, 1

945, 0

66, 1

309, 0

727, 1

87, 0

148, 1

169, 0

510, 1

2503, 0

77, 1

590, 0

622, 1

228, 0

57, 1

214, 0

339, 1

3177, 0

328, 1

402, 0

1804, 1

67, 0

740, 1

372, 0

177, 1

150, 0

198, 1

664, 0

284, 1

750, 0

288, 1

1681, 0

375, 1

238, 0

490, 1

1942, 0

83, 1

993, 0

637, 1

527, 0

107, 1

3377, 0

368, 1

385, 0

2499, 1

279, 0

530, 1

748, 0

110, 1

405, 0

240, 1

1840, 0

204, 1

109, 0

328, 1

172, 0

367, 1

2613, 0

146, 1

699, 0

579, 1

541, 0

336, 1

461, 0

108, 1

2607, 0

346, 1

397, 0

3392, 1

718, 0

320, 1

167, 0

558, 1

198, 0

243, 1

174, 0

446, 1

251, 0

330, 1

925, 0

538, 1

3035, 0

819, 1

335, 0

146, 1

102, 0

62, 1

1122, 0

97, 1

1953, 0

381, 1

384, 0

1784, 1

66, 0

648, 1

469, 0

100, 1

94, 0

210, 1

1606, 0

367, 1

903, 0

68, 1

91, 0

82, 1

230, 0

108, 1

872, 0

115, 1

63, 0

289, 1

3143, 0

573, 1

537, 0

157, 1

84, 0

80, 1

3181, 0

365, 1

381, 0

2548, 1

430, 0

450, 1

1256, 0

92, 1

584, 0

149, 1

846, 0

263, 1

863, 0

88, 1

395, 0

162, 1

3171, 0

663, 1

472, 0

180, 1

63, 0

124, 1

3139, 0

355, 1

397, 0

1776, 1

55, 0

78, 1

92, 0

659, 1

117, 0

337, 1

140, 0

290, 1

256, 0

301, 1

845, 0

188, 1

71, 0

430, 1

1286, 0

181, 1

801, 0

147, 1

3238, 0

797, 1

336, 0

402, 1

3113, 0

378, 1

356, 0

2622, 1

183, 0

374, 1

1265, 0

212, 1

450, 0

191, 1

596, 0

141, 1

175, 0

169, 1

578, 0

494, 1

149, 0

59, 1

120, 0

422, 1

2118, 0

85, 1

883, 0

646, 1

495, 0

120, 1

3399, 0

347, 1

398, 0

1925, 1

131, 0

750, 1

85, 0

372, 1

2234, 0

207, 1

285, 0

179, 1

545, 0

125, 1

454, 0

148, 1

522, 0

63, 1

3286, 0

590, 1

528, 0

352, 1

3162, 0

338, 1

400, 0

2673, 1

90, 0

311, 1

166, 0

210, 1

1339, 0

134, 1

524, 0

262, 1

524, 0

67, 1

431, 0

521, 1

417, 0

185, 1

81, 0

255, 1

3330, 0

694, 1

429, 0

357, 1

3165, 0

355, 1

388, 0

2496, 1

235, 0

365, 1

2323, 0

378, 1

747, 0

845, 1

338, 0

76, 1

463, 0

102, 1

1311, 0

94, 1

1500, 0

634, 1

561, 0

97, 1

1926, 0

253, 1

1188, 0

362, 1

363, 0

2685, 1

190, 0

343, 1

121, 0

107, 1

109, 0

118, 1

1912, 0

106, 1

703, 0

132, 1

399, 0

85, 1

377, 0

189, 1

63, 0

169, 1

3485, 0

680, 1

479, 0

290, 1

3217, 0

341, 1

404, 0

2579, 1

300, 0

178, 1

538, 0

171, 1

136, 0

80, 1

775, 0

289, 1

732, 0

215, 1

596, 0

507, 1

319, 0

639, 1

3245, 0

734, 1

408, 0

478, 1

3040, 0

322, 1

400, 0

2593, 1

316, 0

427, 1

331, 0

146, 1

982, 0

162, 1

638, 0

124, 1

208, 0

151, 1

682, 0

162, 1

64, 0

396, 1

565, 0

322, 1

3046, 0

619, 1

525, 0

138, 1

3349, 0

342, 1

395, 0

2522, 1

243, 0

732, 1

139, 0

297, 1

322, 0

421, 1

205, 0

475, 1

89, 0

289, 1

281, 0

284, 1

238, 0

141, 1

325, 0

581, 1

339, 0

255, 1

1277, 0

80, 1

1774, 0

667, 1

446, 0

307, 1

3211, 0

384, 1

365, 0

2558, 1

318, 0

237, 1

384, 0

109, 1

685, 0

239, 1

732, 0

136, 1

1369, 0

258, 1

473, 0

485, 1

3293, 0

619, 1

531, 0

137, 1

115, 0

75, 1

3179, 0

340, 1

397, 0

2538, 1

241, 0

205, 1

1316, 0

171, 1

1444, 0

273, 1

727, 0

340, 1

165, 0

405, 1

3484, 0

622, 1

514, 0

127, 1

3362, 0

358, 1

391, 0

2035, 1

113, 0

407, 1

337, 0

200, 1

120, 0

323, 1

787, 0

284, 1

407, 0

117, 1

1731, 0

342, 1

799, 0

64, 1

3233, 0

610, 1

490, 0

193, 1

3338, 0

365, 1

395, 0

1862, 1

158, 0

518, 1

482, 0

173, 1

272, 0

68, 1

1732, 0

247, 1

305, 0

124, 1

416, 0

375, 1

130, 0

123, 1

859, 0

100, 1

3338, 0

639, 1

472, 0

161, 1

2618, 0

155, 1

606, 0

359, 1

364, 0

2669, 1

198, 0

270, 1

1725, 0

412, 1

435, 0

157, 1

668, 0

132, 1

528, 0

123, 1

247, 0

271, 1

125, 0

116, 1

3214, 0

657, 1

172, 0

121, 1

199, 0

350, 1

3154, 0

343, 1

394, 0

2521, 1

370, 0

372, 1

77, 0

160, 1

1482, 0

222, 1

162, 0

87, 1

478, 0

117, 1

431, 0

108, 1

626, 0

203, 1

3901, 0

628, 1

453, 0

174, 1

3395, 0

341, 1

389, 0

2539, 1

167, 0

136, 1

83, 0

184, 1

1008, 0

128, 1

106, 0

123, 1

159, 0

138, 1

1272, 0

252, 1

145, 0

427, 1

610, 0

450, 1

3356, 0

623, 1

518, 0

450, 1

1835, 0

96, 1

1140, 0

353, 1

377, 0

1999, 1

69, 0

562, 1

83, 0

472, 1

758, 0

214, 1

296, 0

149, 1

1409, 0

192, 1

173, 0

72, 1

1135, 0

641, 1

3063, 0

659, 1

477, 0

143, 1

87, 0

178, 1

3124, 0

311, 1

408, 0

2099, 1

76, 0

373, 1

352, 0

683, 1

750, 0

109, 1

526, 0

500, 1

821, 0

150, 1

778, 0

297, 1

433, 0

405, 1

2942, 0

746, 1

385, 0

135, 1

146, 0

141, 1

3108, 0

336, 1

411, 0

1885, 1

86, 0

1391, 1

769, 0

320, 1

546, 0

106, 1

445, 0

312, 1

309, 0

259, 1

404, 0

66, 1

383, 0

651, 1

3370, 0

591, 1

482, 0

199, 1

89, 0

110, 1

3161, 0

343, 1

400, 0

1930, 1

77, 0

171, 1

121, 0

325, 1

155, 0

406, 1

887, 0

139, 1

613, 0

138, 1

82, 0

179, 1

321, 0

189, 1

1347, 0

78, 1

492, 0

158, 1

140, 0

187, 1

3152, 0

681, 1

449, 0

203, 1

3321, 0

326, 1

407, 0

2524, 1

124, 0

783, 1

1448, 0

215, 1

256, 0

164, 1

2167, 0

390, 1

3234, 0

618, 1

485, 0

123, 1

137, 0

132, 1

3142, 0

347, 1

402, 0

2525, 1

400, 0

190, 1

839, 0

195, 1

196, 0

68, 1

219, 0

184, 1

471, 0

100, 1

857, 0

720, 1

365, 0

194, 1

3777, 0

607, 1

501, 0

339, 1

3183, 0

347, 1

395, 0

2507, 1

236, 0

374, 1

2250, 0

234, 1

838, 0

151, 1

193, 0

185, 1

4332, 0

626, 1

513, 0

163, 1

65, 0

134, 1

3133, 0

356, 1

383, 0

2510, 1

72, 0

75, 1

120, 0

633, 1

733, 0

322, 1

3291, 0

539, 1

3041, 0

706, 1

383, 0

123, 1

131, 0

167, 1

3106, 0

360, 1

379, 0

2724, 1

118, 0

249, 1

1228, 0

307, 1

1262, 0

113, 1

437, 0

252, 1

778, 0

78, 1

3751, 0

659, 1

498, 0

297, 1

3189, 0

342, 1

400, 0

1730, 1

361, 0

531, 1

326, 0

94, 1

1213, 0

267, 1

869, 0

289, 1

283, 0

84, 1

530, 0

402, 1

722, 0

336, 1

3265, 0

774, 1

611, 0

90, 1

3160, 0

337, 1

401, 0

2564, 1

307, 0

276, 1

167, 0

94, 1

796, 0

1267, 0

209, 1

1135, 0

478, 1

122, 0

572, 1

3175, 0

749, 1

416, 0

162, 1

76, 0

238, 1

2991, 0

357, 1

389, 0

2539, 1

387, 0

455, 1

617, 0

208, 1

63, 0

94, 1

145, 0

144, 1

1999, 0

252, 1

584, 0

265, 1

3547, 0

715, 1

425, 0

301, 1

3204, 0

348, 1

380, 0

1937, 1

80, 0

535, 1

446, 0

258, 1

1062, 0

748, 1

1721, 0

234, 1

4310, 0

92, 1

85, 0

415, 1

516, 0

107, 1

146, 0

145, 1

3114, 0

350, 1

383, 0

1925, 1

153, 0

539, 1

223, 0

436, 1

858, 0

272, 1

629, 0

130, 1

2143, 0

146, 1

132, 0

233, 1

59, 0

391, 1

3021, 0

952, 1

225, 0

116, 1

73, 0

117, 1

3168, 0

360, 1

372, 0

3136, 1

425, 0

127, 1

425, 0

175, 1

615, 0

291, 1

191, 0

200, 1

82, 0

47, 1

233, 0

240, 1

1316, 0

129, 1

327, 0

150, 1

3219, 0

651, 1

478, 0

103, 1

3393, 0

397, 1

340, 0

2566, 1

321, 0

131, 1

109, 0

115, 1

1331, 0

127, 1

97, 0

238, 1

403, 0

81, 1

115, 0

298, 1

706, 0

143, 1

151, 0

145, 1

298, 0

634, 1

204, 0

56, 1

3031, 0

634, 1

517, 0

101, 1

126, 0

99, 1

3170, 0

401, 1

332, 0

451, 1

67, 0

2863, 1

1404, 0

415, 1

2503, 0

191, 1

118, 0

308, 1

2674, 0

227, 1

90, 0

682, 1

464, 0

117, 1

137, 0

69, 1

3172, 0

324, 1

421, 0

2679, 1

139, 0

644, 1

1296, 0

293, 1

813, 0

101, 1

1756, 0

277, 1

3299, 0

634, 1

550, 0

108, 1

3336, 0

359, 1

393, 0

2537, 1

319, 0

223, 1

1135, 0

261, 1

630, 0

194, 1

261, 0

313, 1

1013, 0

83, 1

335, 0

153, 1

3841, 0

608, 1

523, 0

318, 1

3164, 0

385, 1

359, 0

2011, 1

86, 0

